{
  "Use Non-ASCII Font" : true,
  "Tags" : [

  ],
  "Ansi 12 Color" : {
    "Green Component" : 0.39599207043647766,
    "Blue Component" : 0.99877572059631348,
    "Red Component" : 0.61468899250030518
  },
  "Ansi 6 Color" : {
    "Green Component" : 0.81977206468582153,
    "Blue Component" : 0.92060363292694092,
    "Red Component" : 0.34416967630386353
  },
  "Normal Font" : "OperatorMono-Book 19",
  "Bold Color" : {
    "Green Component" : 0.77144092321395874,
    "Blue Component" : 0.70993047952651978,
    "Red Component" : 0.76960963010787964
  },
  "Link Color" : {
    "Red Component" : 0.023,
    "Color Space" : "Calibrated",
    "Blue Component" : 0.67800000000000005,
    "Alpha Component" : 1,
    "Green Component" : 0.27000000000000002
  },
  "Guid" : "F57A6B56-B218-4E6C-9295-598A720C2538",
  "Ansi 1 Color" : {
    "Green Component" : 0,
    "Blue Component" : 0.3728577196598053,
    "Red Component" : 0.95683503150939941
  },
  "Rows" : 25,
  "Default Bookmark" : "No",
  "Cursor Guide Color" : {
    "Red Component" : 0.65000000000000002,
    "Color Space" : "Calibrated",
    "Blue Component" : 1,
    "Alpha Component" : 0.25,
    "Green Component" : 0.91000000000000003
  },
  "Non-ASCII Anti Aliased" : true,
  "Use Bright Bold" : true,
  "Ansi 10 Color" : {
    "Green Component" : 0.87921047210693359,
    "Blue Component" : 0.14004382491111755,
    "Red Component" : 0.59473341703414917
  },
  "Ambiguous Double Width" : false,
  "Jobs to Ignore" : [
    "rlogin",
    "ssh",
    "slogin",
    "telnet"
  ],
  "Ansi 15 Color" : {
    "Green Component" : 0.96549534797668457,
    "Blue Component" : 0.9359474778175354,
    "Red Component" : 0.96537256240844727
  },
  "Foreground Color" : {
    "Green Component" : 0.77144092321395874,
    "Blue Component" : 0.70993047952651978,
    "Red Component" : 0.76960963010787964
  },
  "Working Directory" : "\/Users\/jeffknaggs",
  "Blinking Cursor" : false,
  "Disable Window Resizing" : true,
  "Sync Title" : false,
  "Prompt Before Closing 2" : false,
  "BM Growl" : true,
  "Command" : "",
  "Description" : "Default",
  "Mouse Reporting" : true,
  "Screen" : -1,
  "Selection Color" : {
    "Green Component" : 0.20520767569541931,
    "Blue Component" : 0.20521116256713867,
    "Red Component" : 0.20521381497383118
  },
  "Columns" : 80,
  "Idle Code" : 0,
  "Ansi 13 Color" : {
    "Green Component" : 0,
    "Blue Component" : 0.3728577196598053,
    "Red Component" : 0.95683503150939941
  },
  "Custom Command" : "No",
  "ASCII Anti Aliased" : true,
  "Non Ascii Font" : "SourceCodeProForPowerline-Regular 17",
  "Vertical Spacing" : 1,
  "Use Bold Font" : true,
  "Option Key Sends" : 0,
  "Selected Text Color" : {
    "Green Component" : 0.77144092321395874,
    "Blue Component" : 0.70993047952651978,
    "Red Component" : 0.76960963010787964
  },
  "Background Color" : {
    "Green Component" : 0.10051288455724716,
    "Blue Component" : 0.10051459074020386,
    "Red Component" : 0.10051589459180832
  },
  "Character Encoding" : 4,
  "Ansi 11 Color" : {
    "Green Component" : 0.83635991811752319,
    "Blue Component" : 0.38154411315917969,
    "Red Component" : 0.87748134136199951
  },
  "Use Italic Font" : true,
  "Unlimited Scrollback" : false,
  "Keyboard Map" : {
    "0xf700-0x260000" : {
      "Text" : "[1;6A",
      "Action" : 10
    },
    "0x37-0x40000" : {
      "Text" : "0x1f",
      "Action" : 11
    },
    "0x32-0x40000" : {
      "Text" : "0x00",
      "Action" : 11
    },
    "0xf709-0x20000" : {
      "Text" : "[17;2~",
      "Action" : 10
    },
    "0xf70c-0x20000" : {
      "Text" : "[20;2~",
      "Action" : 10
    },
    "0xf729-0x20000" : {
      "Text" : "[1;2H",
      "Action" : 10
    },
    "0xf72b-0x40000" : {
      "Text" : "[1;5F",
      "Action" : 10
    },
    "0xf705-0x20000" : {
      "Text" : "[1;2Q",
      "Action" : 10
    },
    "0xf703-0x260000" : {
      "Text" : "[1;6C",
      "Action" : 10
    },
    "0xf700-0x220000" : {
      "Text" : "[1;2A",
      "Action" : 10
    },
    "0xf701-0x280000" : {
      "Text" : "0x1b 0x1b 0x5b 0x42",
      "Action" : 11
    },
    "0x38-0x40000" : {
      "Text" : "0x7f",
      "Action" : 11
    },
    "0x33-0x40000" : {
      "Text" : "0x1b",
      "Action" : 11
    },
    "0xf703-0x220000" : {
      "Text" : "[1;2C",
      "Action" : 10
    },
    "0xf701-0x240000" : {
      "Text" : "[1;5B",
      "Action" : 10
    },
    "0xf70d-0x20000" : {
      "Text" : "[21;2~",
      "Action" : 10
    },
    "0xf702-0x260000" : {
      "Text" : "[1;6D",
      "Action" : 10
    },
    "0xf729-0x40000" : {
      "Text" : "[1;5H",
      "Action" : 10
    },
    "0xf706-0x20000" : {
      "Text" : "[1;2R",
      "Action" : 10
    },
    "0x34-0x40000" : {
      "Text" : "0x1c",
      "Action" : 11
    },
    "0xf700-0x280000" : {
      "Text" : "0x1b 0x1b 0x5b 0x41",
      "Action" : 11
    },
    "0x2d-0x40000" : {
      "Text" : "0x1f",
      "Action" : 11
    },
    "0xf70e-0x20000" : {
      "Text" : "[23;2~",
      "Action" : 10
    },
    "0xf702-0x220000" : {
      "Text" : "[1;2D",
      "Action" : 10
    },
    "0xf703-0x280000" : {
      "Text" : "0x1b 0x1b 0x5b 0x43",
      "Action" : 11
    },
    "0xf700-0x240000" : {
      "Text" : "[1;5A",
      "Action" : 10
    },
    "0xf707-0x20000" : {
      "Text" : "[1;2S",
      "Action" : 10
    },
    "0xf70a-0x20000" : {
      "Text" : "[18;2~",
      "Action" : 10
    },
    "0x35-0x40000" : {
      "Text" : "0x1d",
      "Action" : 11
    },
    "0xf70f-0x20000" : {
      "Text" : "[24;2~",
      "Action" : 10
    },
    "0xf703-0x240000" : {
      "Text" : "[1;5C",
      "Action" : 10
    },
    "0xf701-0x260000" : {
      "Text" : "[1;6B",
      "Action" : 10
    },
    "0xf702-0x280000" : {
      "Text" : "0x1b 0x1b 0x5b 0x44",
      "Action" : 11
    },
    "0xf72b-0x20000" : {
      "Text" : "[1;2F",
      "Action" : 10
    },
    "0x36-0x40000" : {
      "Text" : "0x1e",
      "Action" : 11
    },
    "0xf708-0x20000" : {
      "Text" : "[15;2~",
      "Action" : 10
    },
    "0xf701-0x220000" : {
      "Text" : "[1;2B",
      "Action" : 10
    },
    "0xf70b-0x20000" : {
      "Text" : "[19;2~",
      "Action" : 10
    },
    "0xf702-0x240000" : {
      "Text" : "[1;5D",
      "Action" : 10
    },
    "0xf704-0x20000" : {
      "Text" : "[1;2P",
      "Action" : 10
    }
  },
  "Window Type" : 0,
  "Background Image Location" : "",
  "Blur" : false,
  "Badge Color" : {
    "Red Component" : 1,
    "Color Space" : "Calibrated",
    "Blue Component" : 0,
    "Alpha Component" : 0.5,
    "Green Component" : 0
  },
  "Scrollback Lines" : 1000,
  "Send Code When Idle" : false,
  "Close Sessions On End" : true,
  "Terminal Type" : "xterm-256color-italic",
  "Visual Bell" : true,
  "Flashing Bell" : false,
  "Silence Bell" : false,
  "Ansi 14 Color" : {
    "Green Component" : 0.81977206468582153,
    "Blue Component" : 0.92060363292694092,
    "Red Component" : 0.34416967630386353
  },
  "Name" : "Default",
  "Cursor Text Color" : {
    "Green Component" : 0.77144092321395874,
    "Blue Component" : 0.70993047952651978,
    "Red Component" : 0.76960963010787964
  },
  "Shortcut" : "",
  "Cursor Color" : {
    "Green Component" : 0.96674919128417969,
    "Blue Component" : 0.92647796869277954,
    "Red Component" : 0.96554505825042725
  },
  "Ansi 0 Color" : {
    "Green Component" : 0.10051288455724716,
    "Blue Component" : 0.10051459074020386,
    "Red Component" : 0.10051589459180832
  },
  "Transparency" : 0,
  "Horizontal Spacing" : 1,
  "Ansi 3 Color" : {
    "Green Component" : 0.51805692911148071,
    "Blue Component" : 0.099807053804397583,
    "Red Component" : 0.98094809055328369
  },
  "Ansi 2 Color" : {
    "Green Component" : 0.87921047210693359,
    "Blue Component" : 0.14004382491111755,
    "Red Component" : 0.59473341703414917
  },
  "Right Option Key Sends" : 0,
  "Custom Directory" : "No",
  "Ansi 7 Color" : {
    "Green Component" : 0.77144092321395874,